term,coef,ci_low,ci_high,p_value,effect %,country,dataset,r2
C(iso_weekday)[T.2],0.0023615195952678587,-0.04246775229338756,0.047190791483923286,0.91776684085441,0.2,AR,backup,0.7996520548348147
C(iso_weekday)[T.3],-0.007055560610978243,-0.052201543260491506,0.03809042203853502,0.7593689844935235,-0.7,AR,backup,0.7996520548348147
C(iso_weekday)[T.4],-0.0023841395998492193,-0.046522716293248334,0.041754437093549895,0.9156877143750453,-0.2,AR,backup,0.7996520548348147
C(iso_weekday)[T.5],0.004803895084202078,-0.04056418040865946,0.050171970577063615,0.8355920993927949,0.5,AR,backup,0.7996520548348147
C(iso_weekday)[T.6],-0.5309643650446121,-0.5745749356257546,-0.48735379446346955,7.454818652258763e-126,-41.2,AR,backup,0.7996520548348147
C(iso_weekday)[T.7],-0.5327813854978951,-0.5774635178418392,-0.48809925315395103,8.581173007615227e-121,-41.3,AR,backup,0.7996520548348147
is_holiday,-0.006292811349366045,-0.06258299315140278,0.049997370452670685,0.8265651655628298,-0.6,AR,backup,0.7996520548348147
is_long_weekend,-0.01444518528395794,-0.07318065996858372,0.04429028940066784,0.6297872710318451,-1.4,AR,backup,0.7996520548348147
payday_window,-0.0005296831226699814,-0.03568426347481244,0.03462489722947248,0.9764408699863258,-0.1,AR,backup,0.7996520548348147
is_month_end,0.008300436812694434,-0.03475129718528935,0.051352170810678215,0.7055168420466036,0.8,AR,backup,0.7996520548348147
is_bonus_month,0.009304765494347278,-0.02655847805258789,0.045168009041282445,0.6110920667127959,0.9,AR,backup,0.7996520548348147
t,-0.02813332524211276,-0.06429796475318858,0.008031314268963058,0.12733340095831722,-2.8,AR,backup,0.7996520548348147
