dataset,country,zone,table,rows,first_partition,last_partition,partitions
backup,ALL,bronze_raw,branches,350,2026-06-17,2026-06-17,1
backup,ALL,bronze_raw,call_center_interactions,664491,2023-06-17,2026-05-17,1066
backup,ALL,bronze_raw,call_transcripts,0,,,0
backup,ALL,bronze_raw,campaign_sends,1685140,2023-07-01,2026-05-17,1052
backup,ALL,bronze_raw,complaints,65191,2023-06-17,2026-05-17,1066
backup,ALL,bronze_raw,customers,150000,2026-06-17,2026-06-17,1
backup,ALL,bronze_raw,daily_exchange_rates,13164,2026-06-17,2026-06-17,1
backup,ALL,bronze_raw,digital_events,15454340,2023-06-17,2026-05-17,1066
backup,ALL,bronze_raw,marketing_campaigns,200,2026-06-17,2026-06-17,1
backup,ALL,bronze_raw,products,400000,2026-06-17,2026-06-17,1
backup,ALL,bronze_raw,satisfaction_surveys,0,,,0
backup,ALL,bronze_raw,service_agents,1200,2026-06-17,2026-06-17,1
backup,ALL,bronze_raw,transactions,1839229,2023-07-01,2024-09-25,453
backup,ALL,holdout_raw,call_center_interactions,19616,2026-05-18,2026-06-17,31
backup,ALL,holdout_raw,call_transcripts,0,,,0
backup,ALL,holdout_raw,campaign_sends,50857,2026-05-18,2026-06-17,31
backup,ALL,holdout_raw,complaints,1904,2026-05-18,2026-06-17,31
backup,ALL,holdout_raw,digital_events,459310,2026-05-18,2026-06-17,31
backup,ALL,holdout_raw,satisfaction_surveys,0,,,0
backup,ALL,holdout_raw,transactions,0,,,0
