rule_id,severity,table_name,country_rate_pct,global_baseline_pct,global_max_pct,country_max_pct,breaches_global_slo,country,dataset
R01,A,transactions,19.256,18.7,20.0,20.594652406417115,False,ALL,main
R02,A,products,49.899,49.9,52.0,51.99895791583167,False,ALL,main
R03,A,transactions,4.596,4.6,5.11,5.105556521739132,False,ALL,main
R04,A,transactions,0.0,0.0,0.0,0.0,False,ALL,main
R05,B,customers,2.071,2.07,2.5,2.5012077294685993,False,ALL,main
R06,B,customers,6.211,6.21,7.0,7.001127214170693,False,ALL,main
R07,B,products,6.278,6.28,7.0,6.997770700636942,False,ALL,main
R08,B,products,0.0,0.0,0.0,0.0,False,ALL,main
R09,B,products,0.0,0.0,0.0,0.0,False,ALL,main
R10,B,transactions,0.149,0.15,0.21,0.249,False,ALL,main
R11,B,complaints,1.149,1.15,1.32,1.3188521739130437,False,ALL,main
R12,B,complaints,1.549,1.55,1.76,1.7588645161290322,False,ALL,main
R13,B,complaints,0.758,0.76,0.88,0.8776842105263157,False,ALL,main
R15,C,call_center_interactions,8.306,8.3,9.0,9.006506024096383,False,ALL,main
R16,C,complaints,8.432,8.44,9.0,8.991469194312797,False,ALL,main
R17,C,transactions,50.088,50.09,55.15,55.1477979636654,False,ALL,main
R18,C,transactions,2.249,2.25,2.52,2.5188800000000002,False,ALL,main
R19,C,transactions,46.483,46.48,51.18,51.183303356282266,False,ALL,main
R20,C,digital_events,23.981,23.98,25.0,25.00104253544621,False,ALL,main
R21,A,campaign_sends,50.062,50.06,0.0,0.0,True,ALL,main
R22,B,products,13.862,14.17,15.63,15.29026534932957,False,ALL,main
R23,B,customers,99.997,100.0,100.0,100.097,False,ALL,main
R24,B,service_agents,69.25,69.25,100.0,100.0,False,ALL,main
R25,A,complaints,66.489,66.43,0.0,0.0,True,ALL,main
R26,A,digital_events,7.005,7.0,0.0,0.0,True,ALL,main
R27,C,call_transcripts,100.0,100.0,100.0,100.1,False,ALL,main
