rule_id,severity,table_name,country_rate_pct,global_baseline_pct,global_max_pct,country_max_pct,breaches_global_slo,country
R19,C,transactions,46.492,46.48,51.18,51.19321342512909,False,CO
R03,A,transactions,4.608,4.6,5.11,5.118886956521739,False,CO
R18,C,transactions,4.476,2.25,2.52,5.01312,True,CO
R02,A,products,50.168,49.9,52.0,52.279278557114225,False,CO
R05,B,customers,2.088,2.07,2.5,2.521739130434783,False,CO
R11,B,complaints,1.23,1.15,1.32,1.411826086956522,False,CO
R27,C,call_transcripts,100.0,100.0,100.0,100.1,False,CO
R01,A,transactions,19.229,18.7,20.0,20.56577540106952,False,CO
R24,B,service_agents,69.25,69.25,100.0,100.0,False,CO
R25,A,complaints,20.087,66.43,0.0,0.0,True,CO
R10,B,transactions,0.145,0.15,0.21,0.245,False,CO
R22,B,products,13.827,14.17,15.63,15.251659139026113,False,CO
R13,B,complaints,0.713,0.76,0.88,0.8255789473684211,False,CO
R23,B,customers,99.996,100.0,100.0,100.09599999999999,False,CO
R26,A,digital_events,2.06,7.0,0.0,0.0,True,CO
R07,B,products,6.147,6.28,7.0,6.851751592356688,False,CO
R06,B,customers,6.269,6.21,7.0,7.066505636070854,False,CO
R12,B,complaints,1.437,1.55,1.76,1.6316903225806452,False,CO
R15,C,call_center_interactions,8.332,8.3,9.0,9.034698795180722,False,CO
R16,C,complaints,8.536,8.44,9.0,9.102369668246446,False,CO
R20,C,digital_events,25.548,23.98,25.0,26.634695579649705,True,CO
R21,A,campaign_sends,49.651,50.06,0.0,0.0,True,CO
R08,B,products,0.0,0.0,0.0,0.0,False,CO
R09,B,products,0.0,0.0,0.0,0.0,False,CO
R04,A,transactions,0.0,0.0,0.0,0.0,False,CO
R17,C,transactions,0.0,50.09,55.15,0.1,False,CO
