term,coef,ci_low,ci_high,p_value,effect %,country,r2
C(iso_weekday)[T.2],0.019273240626491585,-0.009344698241831362,0.04789117949481453,0.1868446059319956,1.9,MX,0.7887780244689969
C(iso_weekday)[T.3],0.018806470828846154,-0.00914272876571124,0.04675567042340355,0.1872287927002808,1.9,MX,0.7887780244689969
C(iso_weekday)[T.4],0.024687351072202122,-0.004196073845730609,0.05357077599013485,0.09388952746280972,2.5,MX,0.7887780244689969
C(iso_weekday)[T.5],0.02146322775983886,-0.0077562367138896415,0.05068269223356736,0.14995335507011212,2.2,MX,0.7887780244689969
C(iso_weekday)[T.6],-0.489839992977929,-0.5194405362205178,-0.4602394497353403,9.059821512397042e-231,-38.7,MX,0.7887780244689969
C(iso_weekday)[T.7],-0.4889610035434123,-0.5174692864878089,-0.46045272059901576,9.661082122202783e-248,-38.7,MX,0.7887780244689969
is_holiday,0.014272515611917613,-0.02875810515897808,0.057303136382813306,0.5156364852836215,1.4,MX,0.7887780244689969
is_long_weekend,-0.020644486947860127,-0.07698301816268113,0.035694044266960885,0.4726326891385991,-2.0,MX,0.7887780244689969
payday_window,-0.018521636889948,-0.03816922206631229,0.0011259482864162985,0.0646538720486888,-1.8,MX,0.7887780244689969
is_month_end,0.0028506202670586234,-0.022175242140864564,0.02787648267498181,0.8233381631565018,0.3,MX,0.7887780244689969
is_bonus_month,-0.010632950792766035,-0.036437975303191164,0.01517207371765909,0.419319485130461,-1.1,MX,0.7887780244689969
t,0.0023014589882295045,-0.006644505171194262,0.011247423147653271,0.6141034353288165,0.2,MX,0.7887780244689969
