table,folder,days,mad_days,esd_days,ewma_days,both_mad_esd,pelt_changepoints,max_abs_cusum,seasonal_strength
transactions,main,1097,19,4,2,4,0,19.468199280171522,0.8652647043938261
transactions,backup,453,10,1,0,1,0,10.388935949498553,0.8636935040077705
digital_events,main,1097,24,1,1,1,0,16.63443268698069,0.4644707866663148
digital_events,backup,1097,25,2,6,2,0,17.582727642244933,0.38901888870109136
call_center_interactions,main,1097,46,1,2,1,0,16.96695395405437,0.9153419554600118
call_center_interactions,backup,1097,13,3,1,3,0,13.002296912226063,0.9220362908964951
campaign_sends,main,1083,5,2,1,2,0,14.493190280689312,0.874994694901703
campaign_sends,backup,1083,18,2,7,2,0,18.085400746014543,0.8693976950946144
complaints,main,1097,17,1,1,1,0,13.67659917094013,0.9220769044679401
complaints,backup,1097,17,1,1,1,0,13.67659917094013,0.9220769044679401
call_transcripts,main,1097,45,3,6,3,0,20.714039466476912,0.8943131359416182
satisfaction_surveys,main,1097,48,1,3,1,0,17.183759272433363,0.9146360256524365
