scenario,test,statistic,p_value,effect,n,reading
03 market and channel,AR ATM: flat hours,25.490790983830543,0.3254865979043422,0.00997549150849594,256162,flat
03 market and channel,AR App: flat hours,21.765795257915165,0.5344258096518761,0.013024987843694335,128298,flat
03 market and channel,AR Branch: flat hours,22.167425789225693,0.5101643505528981,0.029502594560526355,25468,flat
03 market and channel,AR POS: flat hours,23.351058697400163,0.4404342413596496,0.008844955856008963,298480,flat
03 market and channel,AR Transfer: flat hours,28.61229259172704,0.19350965628094557,0.04088605324352239,17116,flat
03 market and channel,AR Web: flat hours,26.107315662349237,0.29582620369834384,0.014285426557709958,127931,flat
03 market and channel,CO ATM: flat hours,33.5299806276637,0.07226666280501189,0.009306299378933961,387150,flat
03 market and channel,CO App: flat hours,33.919433927130534,0.06633214125496152,0.013245624102895728,193332,flat
03 market and channel,CO Branch: flat hours,27.471068364959706,0.2364460323786648,0.026722475138727206,38470,flat
03 market and channel,CO POS: flat hours,17.680746433271274,0.7745687075274679,0.006263882761726214,450623,flat
03 market and channel,CO Transfer: flat hours,24.20882590781316,0.3923213647365886,0.030532280983510462,25969,flat
03 market and channel,CO Web: flat hours,15.996926649010879,0.855400256961436,0.009105357681904394,192949,flat
03 market and channel,MX ATM: flat hours,17.16878159016828,0.8008876402617834,0.005158581538349463,645177,flat
03 market and channel,MX App: flat hours,23.222430115681313,0.4478465143047259,0.008495662556349622,321746,flat
03 market and channel,MX Branch: flat hours,26.15214830429661,0.2937362287094777,0.020133531966220343,64516,flat
03 market and channel,MX POS: flat hours,27.58468876749989,0.23189514126368366,0.00605566573541829,752219,flat
03 market and channel,MX Transfer: flat hours,14.876919529628777,0.8989905339517041,0.018520887590543395,43370,flat
03 market and channel,MX Web: flat hours,14.68921031086412,0.9054253720703282,0.006749381756043934,322456,flat
03 market and channel,ATM: decline rate by hour,24.42216297013362,0.3807491967488528,0.004353631882327877,1288489,flat
03 market and channel,App: decline rate by hour,22.043683558924137,0.5176158894187045,0.005853419578655709,643376,flat
03 market and channel,Branch: decline rate by hour,34.347534432178676,0.06029720991144244,0.01635211630914592,128454,flat
03 market and channel,POS: decline rate by hour,28.772561906182126,0.18796905281348322,0.004377763966353287,1501322,flat
03 market and channel,Transfer: decline rate by hour,17.443276407870364,0.7869481285787099,0.014204271794176092,86455,flat
03 market and channel,Web: decline rate by hour,23.230673439344578,0.44737009472716804,0.006009135163193513,643336,flat
