market,measure,days,mean events per hour,dispersion index,p_value
AR,n_tx,1063,33.4115318281593,1.002383727734935,0.39498071929907413
AR,inbound_contacts,1064,4.14328790726817,0.9899833654005875,0.8662223296562988
AR,sessions,1063,11.133505801191596,0.9977697753246544,0.5962884508168708
AR,sends,1051,13.355098319061211,0.9858912831362737,0.9400760757312604
CO,n_tx,1063,50.440616180620886,0.9834918364665646,0.9665495119771144
CO,inbound_contacts,1064,6.290531015037594,0.9895132678455404,0.8771930679209654
CO,sessions,1063,16.844190968955786,0.9905491023391957,0.8520408058311592
CO,complaints_opened,266,1.1176378446115287,1.011458202857763,0.26194857410260536
CO,sends,1051,20.29464002537266,1.0086990753488274,0.1693757665062835
MX,n_tx,1063,84.14369708372531,0.9801499398696518,0.9863214224925629
MX,inbound_contacts,1064,10.438009085213032,1.004261224815262,0.3178547631850053
MX,sessions,1063,27.906788962057075,1.0048112006126722,0.29663246774526736
MX,complaints_opened,766,1.4799825935596171,1.00214738341152,0.41880472635384935
MX,sends,1051,33.59399777989217,0.9920993998152853,0.8072604346494595
