grain,target,kind,train_rows,test_rows,test_positives,base_rate,metric,value,ci_low,ci_high,baseline,p_value,best_single_feature,best_single_value,verdict,note
market × day (AR),n_tx,forecast,,,,,MASE,0.649647410633592,,,0.8852374915591545,0.006735501046230768,calendar regression,,forecastable: beats seasonal naive,
market × day (AR),outflow_usd,forecast,,,,,MASE,0.6883412479526791,,,1.0228339015789147,0.00012877817464842153,calendar regression,,forecastable: beats seasonal naive,
market × day (AR),contacts,forecast,,,,,MASE,0.6875711503183595,,,0.9145426985353906,0.012252407412273866,calendar regression,,forecastable: beats seasonal naive,
market × day (AR),complaints_opened,forecast,,,,,MASE,0.8469702768832279,,,0.9187149015566788,0.23438890057479553,boosting,,no gain over seasonal naive,
market × day (AR),digital_errors,forecast,,,,,MASE,0.8753585438026376,,,1.0304383296547626,0.08199136744056934,calendar regression,,no gain over seasonal naive,
market × day (AR),sessions,forecast,,,,,MASE,0.9027206424765369,,,1.0524172224852497,0.09489397567279823,calendar regression,,no gain over seasonal naive,
market × day (CO),n_tx,forecast,,,,,MASE,0.7790584220448155,,,1.0476704382865405,0.0022287275349221155,calendar regression,,forecastable: beats seasonal naive,
market × day (CO),outflow_usd,forecast,,,,,MASE,0.7528769243577517,,,1.0196143410963434,0.001847991323702253,calendar regression,,forecastable: beats seasonal naive,
market × day (CO),contacts,forecast,,,,,MASE,0.7981107257021282,,,0.9670307685437413,0.062101467311659955,calendar regression,,no gain over seasonal naive,
market × day (CO),complaints_opened,forecast,,,,,MASE,0.6606600556470963,,,0.8392591015541836,0.027037536965339524,SARIMAX,,no gain over seasonal naive,
market × day (CO),digital_errors,forecast,,,,,MASE,0.9179998138760371,,,1.0346096039139054,0.1404020815312074,calendar regression,,no gain over seasonal naive,
market × day (CO),sessions,forecast,,,,,MASE,0.8935938072254889,,,0.977817412615327,0.2245677614919587,calendar regression,,no gain over seasonal naive,
market × day (MX),n_tx,forecast,,,,,MASE,0.7645655441522557,,,0.9914979593343966,0.011290363058587691,calendar regression,,forecastable: beats seasonal naive,
market × day (MX),outflow_usd,forecast,,,,,MASE,0.8007976425650981,,,0.9657446678999131,0.03927993679733385,calendar regression,,no gain over seasonal naive,
market × day (MX),contacts,forecast,,,,,MASE,0.8039163655732778,,,0.9884306373255326,0.06021778774693229,calendar regression,,no gain over seasonal naive,
market × day (MX),complaints_opened,forecast,,,,,MASE,0.7732867451283033,,,0.9420635607362267,0.05807321666621132,calendar regression,,no gain over seasonal naive,
market × day (MX),digital_errors,forecast,,,,,MASE,0.9051121877880453,,,1.0019338959944653,0.16595536119188498,calendar regression,,no gain over seasonal naive,
market × day (MX),sessions,forecast,,,,,MASE,0.8829963070367344,,,0.9885255618980784,0.14870293664336565,SARIMAX,,no gain over seasonal naive,
