process,market,best shift (h),χ²/dof at best,χ²/dof at legal local time,χ²/dof at raw clock (0 h)
call_center_interactions,AR,-8,0.9737070400296737,19.460749872792956,25.360945172823538
call_center_interactions,CO,-8,0.9188597273346455,19.94058457133293,36.78221755532007
call_center_interactions,MX,-8,0.8294674284638696,23.601576720999198,59.65699737184455
campaign_sends,AR,-6,0.7793225247070193,18.84979757661944,30.238240679385683
campaign_sends,CO,-6,1.1526405555808743,10.975565370045109,44.232559602252195
campaign_sends,MX,-6,1.0790037424783185,1.0790037424783185,75.50543742098498
complaints,AR,-8,1.0443637355412918,2.744180697381766,3.427471084299994
complaints,CO,-8,1.1735332208729077,2.9178244043673,4.995744071723944
complaints,MX,-8,1.106496533037455,3.861582866165339,7.469999518703767
digital_events,AR,-6,10.443709443471608,85.99624844270458,133.42248001064377
digital_events,CO,-6,8.687446868597856,44.83965893579614,188.3510592945624
digital_events,MX,-6,10.255900336887716,10.255900336887716,331.31964351200713
satisfaction_surveys,AR,4,2.3307922550806452,2.9224879732351208,2.7487275644657423
satisfaction_surveys,CO,8,3.6472916183324093,4.97453057357672,4.066610463122089
satisfaction_surveys,MX,4,5.122828226094736,9.124529161570248,5.490300161303076
transactions,AR,-6,1.1598559177590708,43.26465209092189,73.86756396448891
transactions,CO,-6,0.982651174357939,26.180283252056054,111.60113983502778
transactions,MX,-6,1.1859231918900202,1.1859231918900202,185.61450220361633
