market,cause,effect,best lag (days),p_value,significant (FDR 5 %),p_adjusted
AR,digital_errors,contacts,7,0.22301415161472976,False,1.0
AR,contacts,complaints_opened,1,0.5493201054972723,False,1.0
AR,n_declined,contacts,7,0.04341283672896076,False,1.0
AR,sends,n_tx,3,0.6017264951720342,False,1.0
AR,escalations,complaints_opened,4,0.4408545461966711,False,1.0
CO,digital_errors,contacts,1,0.2796751746076508,False,1.0
CO,contacts,complaints_opened,3,0.24902022767414234,False,1.0
CO,n_declined,contacts,1,0.22495984209191525,False,1.0
CO,sends,n_tx,5,0.05597605848290112,False,1.0
CO,escalations,complaints_opened,2,0.44351787255760816,False,1.0
MX,digital_errors,contacts,1,0.11786500857885492,False,1.0
MX,contacts,complaints_opened,1,0.6482224413989358,False,1.0
MX,n_declined,contacts,3,0.33546000782701724,False,1.0
MX,sends,n_tx,2,0.3407234485040209,False,1.0
MX,escalations,complaints_opened,4,0.014208498305680533,False,1.0
