,AUC,AP,precision_at_k,fit+score s
COPOD,0.9549003859247037,0.6706168530549195,0.6769078295341923,1.7184360027313232
Robust Mahalanobis,0.9487261853669432,0.6349883163610318,0.578790882061447,0.776160717010498
Isolation Forest,0.9354877132466787,0.6255294720291175,0.6025768087215064,2.732759952545166
kNN distance (k=20),0.9713420504065405,0.5969355833610299,0.5649157581764123,3.969881772994995
One-Class SVM,0.9711677646081269,0.5485357756268935,0.5173439048562933,1.254589319229126
ECOD,0.9578005704916424,0.4785637295371902,0.5292368681863231,1.5704352855682373
GMM (6 comp.),0.9458927295940319,0.4604438033629041,0.5777998017839445,0.7583189010620117
HBOS,0.9105124722323367,0.3644084647146389,0.4261645193260654,2.202064037322998
LOF (k=30),0.6260965911157554,0.06126387255037584,0.11199207135777998,5.609172105789185
PCA reconstruction,0.7790901874842834,0.036526615142651514,0.007928642220019821,0.04264402389526367
