table,column,null_main_pct,null_backup_pct,delta_pp,z
customers,customer_id,0.0,0.0,0.0,0.0
customers,document_number,0.0,0.0,0.0,0.0
customers,document_type,0.0,0.0,0.0,0.0
customers,first_name,0.0,0.0,0.0,0.0
customers,last_name,0.0,0.0,0.0,0.0
customers,date_of_birth,0.0,0.0,0.0,0.0
customers,gender,0.0,0.0,0.0,0.0
customers,email,1.9893333333333332,1.9126666666666667,-0.07666666666666655,-1.5180532081715707
customers,mobile_phone,3.138,2.9306666666666668,-0.20733333333333298,-3.3102372678235095
customers,landline_phone,50.035333333333334,49.94,-0.0953333333333306,-0.5221621873735778
customers,address,4.913333333333333,4.983333333333333,0.06999999999999992,0.8839329636870438
customers,city,0.0,0.0,0.0,0.0
customers,state,0.0,0.0,0.0,0.0
customers,country,0.0,0.0,0.0,0.0
customers,postal_code,10.029333333333334,10.066666666666666,0.03733333333333366,0.34008084768810354
customers,detected_accent,29.878,30.12066666666667,0.2426666666666688,1.4502199205872992
customers,segment,0.0,0.0,0.0,0.0
customers,credit_score,14.994666666666667,14.954,-0.04066666666666663,-0.3121191650941032
customers,estimated_monthly_income,20.022000000000002,20.07933333333333,0.05733333333333146,0.3921624363293278
customers,occupation,10.026,10.016,-0.010000000000000286,-0.09120203303023058
customers,marital_status,7.969999999999999,7.980666666666666,0.010666666666667157,0.10782831208869288
customers,education_level,11.968,12.024666666666667,0.056666666666667365,0.477621262582513
customers,registration_date,0.0,0.0,0.0,0.0
customers,registration_branch_id,0.0,0.0,0.0,0.0
customers,customer_status,0.0,0.0,0.0,0.0
customers,last_updated,0.0,0.0,0.0,0.0
customers,accepts_marketing,0.0,0.0,0.0,0.0
products,product_id,0.0,0.0,0.0,0.0
products,customer_id,0.0,0.0,0.0,0.0
products,product_type,0.0,0.0,0.0,0.0
products,product_number,0.0,0.0,0.0,0.0
products,currency,0.0,0.0,0.0,0.0
products,current_balance,0.0,0.0,0.0,0.0
products,credit_limit,68.67075,68.738,0.06724999999999648,0.6485945204719542
products,interest_rate,10.0165,10.0485,0.032000000000000084,0.4763405630431935
products,opening_date,0.0,0.0,0.0,0.0
products,expiration_date,66.70975,66.96475,0.2549999999999941,2.4222592522776805
products,opening_branch_id,0.0,0.0,0.0,0.0
products,product_status,0.0,0.0,0.0,0.0
products,opening_channel,0.0,0.0,0.0,0.0
products,has_linked_app,0.0,0.0,0.0,0.0
products,days_past_due,68.66250000000001,68.73675,0.07424999999999793,0.7160766332744565
products,last_transaction_date,23.56925,23.589750000000002,0.020500000000001073,0.21597159000499067
products,last_updated,0.0,0.0,0.0,0.0
branches,branch_id,0.0,0.0,0.0,0.0
branches,branch_code,0.0,0.0,0.0,0.0
branches,branch_name,0.0,0.0,0.0,0.0
branches,branch_type,0.0,0.0,0.0,0.0
branches,address,0.0,0.0,0.0,0.0
branches,city,0.0,0.0,0.0,0.0
branches,state,0.0,0.0,0.0,0.0
branches,country,0.0,0.0,0.0,0.0
branches,postal_code,0.0,0.0,0.0,0.0
branches,geographic_zone,0.0,0.0,0.0,0.0
branches,phone,0.0,0.0,0.0,0.0
branches,email,0.0,0.0,0.0,0.0
branches,opening_time,0.0,0.0,0.0,0.0
branches,closing_time,0.0,0.0,0.0,0.0
branches,has_atms,0.0,0.0,0.0,0.0
branches,atm_count,0.0,0.0,0.0,0.0
branches,has_teller_windows,0.0,0.0,0.0,0.0
branches,teller_window_count,0.0,0.0,0.0,0.0
branches,latitude,0.0,0.0,0.0,0.0
branches,longitude,0.0,0.0,0.0,0.0
branches,branch_opening_date,0.0,0.0,0.0,0.0
branches,branch_status,0.0,0.0,0.0,0.0
service_agents,agent_id,0.0,0.0,0.0,0.0
service_agents,employee_code,0.0,0.0,0.0,0.0
service_agents,first_name,0.0,0.0,0.0,0.0
service_agents,last_name,0.0,0.0,0.0,0.0
service_agents,email,0.0,0.0,0.0,0.0
service_agents,phone,5.75,5.166666666666667,-0.5833333333333336,-0.6290001732986646
service_agents,native_accent,0.0,0.0,0.0,0.0
service_agents,country_of_origin,0.0,0.0,0.0,0.0
service_agents,assigned_branch_id,30.583333333333336,27.916666666666668,-2.666666666666667,-1.4358801778259356
service_agents,agent_type,0.0,0.0,0.0,0.0
service_agents,experience_level,0.0,0.0,0.0,0.0
service_agents,languages,0.0,0.0,0.0,0.0
service_agents,specialty,39.666666666666664,40.166666666666664,0.5000000000000004,0.2500872128606511
service_agents,hire_date,0.0,0.0,0.0,0.0
service_agents,avg_csat,11.166666666666666,9.916666666666666,-1.2499999999999998,-0.9970584009728157
service_agents,total_monthly_interactions,9.25,9.333333333333334,0.08333333333333387,0.07031111333896117
service_agents,agent_status,0.0,0.0,0.0,0.0
service_agents,work_shift,0.0,0.0,0.0,0.0
marketing_campaigns,campaign_id,0.0,0.0,0.0,0.0
marketing_campaigns,campaign_name,0.0,0.0,0.0,0.0
marketing_campaigns,description,19.5,19.5,0.0,0.0
marketing_campaigns,campaign_type,0.0,0.0,0.0,0.0
marketing_campaigns,campaign_objective,0.0,0.0,0.0,0.0
marketing_campaigns,promoted_product,11.0,11.0,0.0,0.0
marketing_campaigns,target_segment,39.5,39.5,0.0,0.0
marketing_campaigns,target_country,55.50000000000001,55.50000000000001,0.0,0.0
marketing_campaigns,start_date,0.0,0.0,0.0,0.0
marketing_campaigns,end_date,0.0,0.0,0.0,0.0
marketing_campaigns,budget,15.5,15.5,0.0,0.0
marketing_campaigns,campaign_status,0.0,0.0,0.0,0.0
marketing_campaigns,expected_conversion_rate,7.000000000000001,7.000000000000001,0.0,0.0
transactions,transaction_id,0.0,0.0,0.0,0.0
transactions,transaction_date,0.0,0.0,0.0,0.0
transactions,process_date,0.0,0.0,0.0,0.0
transactions,product_id,0.0,0.0,0.0,0.0
transactions,customer_id,0.0,0.0,0.0,0.0
transactions,transaction_type,0.0,0.0,0.0,0.0
transactions,transaction_category,60.87039842639832,60.916286117715636,0.045887691317314516,1.0717857746422648
transactions,amount,0.0,0.0,0.0,0.0
transactions,currency,0.0,0.0,0.0,0.0
transactions,amount_usd,57.34353474615187,57.29395306402846,-0.04958168212341185,-1.1426375089355878
transactions,channel,0.0,0.0,0.0,0.0
transactions,branch_id,68.63436179098433,68.68519363276677,0.05083184178243938,1.2489209761302786
transactions,merchant_name,76.74051662731458,76.86057581736695,0.12005919005237953,3.2408093255192587
transactions,merchant_category,76.7504827109917,76.8424704047185,0.09198769372679161,2.483127649499887
transactions,transaction_country,0.0,0.0,0.0,0.0
transactions,transaction_city,10.002490390977824,10.024689693344332,0.022199302366507356,0.8431117197722418
transactions,transaction_status,0.0,0.0,0.0,0.0
transactions,response_code,4.9950870145319515,4.992635501071373,-0.002451513460578758,-0.12828037223558375
transactions,is_fraud,0.0,0.0,0.0,0.0
transactions,fraud_score,20.003511858057657,20.014962791474037,0.011450933416379261,0.3262614635043579
transactions,latitude,80.62539095974516,80.57001058595749,-0.055380373787672355,-1.5966361882886473
transactions,longitude,80.62618191876714,80.5662046433587,-0.059977275408440445,-1.7291476042651537
digital_events,event_id,0.0,0.0,0.0,0.0
digital_events,event_date,0.0,0.0,0.0,0.0
digital_events,process_date,0.0,0.0,0.0,0.0
digital_events,customer_id,23.977001719608882,23.974424472072716,-0.0025772475361646174,-0.1694882247064228
digital_events,session_id,0.0,0.0,0.0,0.0
digital_events,event_type,0.0,0.0,0.0,0.0
digital_events,event_category,0.0,0.0,0.0,0.0
digital_events,channel,0.0,0.0,0.0,0.0
digital_events,platform,4.9966538621037815,5.001894599918937,0.005240737815155605,0.6751802941087084
digital_events,browser,62.017410671817686,62.007163661385036,-0.010247010432651305,-0.5927640992596079
digital_events,app_version,42.983282625932766,42.98785633716966,0.004573711236893763,0.2593941904954044
digital_events,page_url,4.995802443813755,5.0046972253379955,0.008894781524240725,1.1458341750825178
digital_events,page_title,4.992153508285068,4.9956483899042645,0.00349488161919681,0.4504860675926527
digital_events,action,9.995727544610796,10.014094817970735,0.01836727335993854,1.7185900352718935
digital_events,element_id,15.00060751575732,15.001523849022695,0.000916333265374436,0.07204948371145342
digital_events,product_id,90.77947280435548,90.79296076010218,0.013487955746704916,1.309374174927028
digital_events,event_value,94.9138319879004,94.92373528386008,0.009903295959690084,1.266096937456935
digital_events,duration_seconds,63.672062097968926,63.675391880555374,0.0033297825864475605,0.1943885267167941
digital_events,ip_address,4.998753600443096,4.998029993119115,-0.0007236073239817731,-0.09323258666454264
digital_events,ip_country,0.0,0.0,0.0,0.0
digital_events,ip_city,27.97821956784568,27.980953458194698,0.002733890349015944,0.17099280946557222
digital_events,is_mobile,0.0,0.0,0.0,0.0
digital_events,referrer,93.29412071984665,96.64517568251155,3.351054962664912,431.09397359040616
digital_events,utm_source,94.62873489356696,98.32398601200856,3.6952511184416004,564.0319519415123
digital_events,utm_medium,94.62816514749318,98.32511083252427,3.6969456850311055,564.312736689399
digital_events,utm_campaign,94.6295543036506,98.32458298379065,3.6950286801400556,564.0528124813471
call_center_interactions,interaction_id,0.0,0.0,0.0,0.0
call_center_interactions,interaction_date,0.0,0.0,0.0,0.0
call_center_interactions,process_date,0.0,0.0,0.0,0.0
call_center_interactions,customer_id,0.0,0.0,0.0,0.0
call_center_interactions,agent_id,0.0,0.0,0.0,0.0
call_center_interactions,interaction_type,0.0,0.0,0.0,0.0
call_center_interactions,channel,0.0,0.0,0.0,0.0
call_center_interactions,contact_reason,0.0,0.0,0.0,0.0
call_center_interactions,reason_category,0.0,0.0,0.0,0.0
call_center_interactions,duration_seconds,14.02222947532843,99.00468786315591,84.98245838782748,1003.20990186032
call_center_interactions,wait_time_seconds,29.960541807033696,100.0,70.03945819296631,859.07218858445
call_center_interactions,was_resolved,0.0,0.0,0.0,0.0
call_center_interactions,requires_followup,0.0,0.0,0.0,0.0
call_center_interactions,detected_sentiment,0.0,0.0,0.0,0.0
call_center_interactions,sentiment_score,0.0,0.0,0.0,0.0
call_center_interactions,customer_detected_accent,29.834065767540537,30.148061633633333,0.3139958660927977,4.010937500620584
call_center_interactions,agent_used_accent,29.834065767540537,30.148061633633333,0.3139958660927977,4.010937500620584
call_center_interactions,was_escalated,0.0,0.0,0.0,0.0
call_center_interactions,mentioned_products,60.02584890484572,60.07145081105734,0.045601906211611976,0.5449531628228617
call_center_interactions,has_transcript,0.0,0.0,0.0,0.0
call_center_interactions,has_recording,0.0,0.0,0.0,0.0
campaign_sends,send_id,0.0,0.0,0.0,0.0
campaign_sends,send_date,0.0,0.0,0.0,0.0
campaign_sends,process_date,0.0,0.0,0.0,0.0
campaign_sends,campaign_id,0.0,0.0,0.0,0.0
campaign_sends,customer_id,0.0,0.0,0.0,0.0
campaign_sends,send_channel,0.0,0.0,0.0,0.0
campaign_sends,template_used,10.03079343325313,9.968277594949761,-0.06251583830336888,-1.9445000399826773
campaign_sends,subject,68.02961527958823,68.00380415403944,-0.02581112554879139,-0.5163804190962367
campaign_sends,send_status,0.0,0.0,0.0,0.0
campaign_sends,was_delivered,0.0,0.0,0.0,0.0
campaign_sends,was_opened,27.720902380981006,31.33455875787804,3.6136563768970342,73.92284970983309
campaign_sends,open_date,72.10277530182316,73.49943577091435,1.3966604690911821,29.286498681947652
campaign_sends,was_clicked,0.0,5.016195304484973,5.016195304484973,299.78322916172897
campaign_sends,click_date,94.40159468651552,94.6751636091537,0.2735689226381788,11.233577164285952
campaign_sends,click_count,94.40159468651552,94.67850462875224,0.27690994223671384,11.372403307397867
campaign_sends,had_conversion,0.0,0.0,0.0,0.0
campaign_sends,conversion_date,99.43903169279157,99.47085162013529,0.03181992734372363,4.0325244409348535
campaign_sends,conversion_value,99.43903169279157,99.47039078984584,0.0313590970542621,3.9732911691137054
campaign_sends,open_device,74.9040102450136,74.93065944238383,0.02664919737023208,0.5736380533845314
campaign_sends,open_country,74.89565210919848,74.89903496377009,0.003382854571620797,0.07279847926164623
campaign_sends,failure_reason,94.29832018644368,94.28328505175988,-0.015035134683794027,-0.6046694384535399
campaign_sends,send_cost,15.003598005725896,14.98401206914528,-0.01958593658061558,-0.5119114237869048
complaints,complaint_id,0.0,0.0,0.0,0.0
complaints,creation_date,0.0,0.0,0.0,0.0
complaints,process_date,0.0,0.0,0.0,0.0
complaints,customer_id,0.0,0.0,0.0,0.0
complaints,case_type,0.0,0.0,0.0,0.0
complaints,category,0.0,0.0,0.0,0.0
complaints,subcategory,9.982860123705194,9.982860123705194,0.0,0.0
complaints,reception_channel,0.0,0.0,0.0,0.0
complaints,affected_product_id,33.57180117743498,33.57180117743498,0.0,0.0
complaints,related_branch_id,71.41664803636635,71.41664803636635,0.0,0.0
complaints,origin_interaction_id,100.0,100.0,0.0,0.0
complaints,description,0.0,0.0,0.0,0.0
complaints,claimed_amount,67.58178701840674,67.58178701840674,0.0,0.0
complaints,currency,67.54452641776585,67.54452641776585,0.0,0.0
complaints,priority,0.0,0.0,0.0,0.0
complaints,status,0.0,0.0,0.0,0.0
complaints,assigned_agent_id,34.451151352559805,34.451151352559805,0.0,0.0
complaints,assignment_date,34.47052686489307,34.47052686489307,0.0,0.0
complaints,first_response_date,39.11170728072136,39.11170728072136,0.0,0.0
complaints,resolution_date,77.12348163052388,77.12348163052388,0.0,0.0
complaints,closing_date,96.30225799239884,96.30225799239884,0.0,0.0
complaints,sla_breached,0.0,0.0,0.0,0.0
complaints,resolution_days,77.102615694165,77.102615694165,0.0,0.0
complaints,resolution,77.18160816752366,77.18160816752366,0.0,0.0
complaints,compensation_granted,93.0829420970266,93.0829420970266,0.0,0.0
complaints,resolution_satisfaction,96.29778672032194,96.29778672032194,0.0,0.0
complaints,is_repeat_complainer,0.0,0.0,0.0,0.0
