fact,value
disputes_total,27133.0
disputes_linked_medium_or_better,34.0
disputes_via_regulator_pct,1.0909224929053183
disputes_sla_breached_pct,19.971989827884865
cards_total,140040.0
cards_active_but_expired,56664.0
credit_eligible_card_pct,0.43866666666666665
credit_eligible_loan_pct,0.5613333333333334
tx_per_customer_month,0.8090274074074074
sends_without_current_consent_pct,50.05819208942518
conv_rate_with_consent_pct,0.5536552710732888
conv_rate_without_consent_pct,0.5682643406978592
sends_promoting_already_held_product_pct,26.334310548253637
cx_repeat_contact_7d_pct,0.6597736253744739
cx_complaint_within_14d_pct,0.5695793068879901
transcripts_with_placeholders_pct,100.0
aml_customer_months_with_hits,14668.0
shared_ip_nodes,237.0
graph_edges,4600546.0
kumo_complaint90d_rows,1103598.0
kumo_complaint90d_positive_pct,3.5981399023919938
