relation,status,rows_a,rows_b,columns_only_a,columns_only_b,type_differences,differing_columns,explained_by_noise,detail
audit.audit_backup_reconciliation,identical,5,5,,,,,,
audit.audit_partition_manifest,identical,6382,6382,,,,,,
audit.audit_scd2_change_log,identical,0,0,,,,,,
audit.dq_cell_findings,different,1126808,1126808,,,,corrected_value;correction_proposal_id,,
audit.dq_corrections_active,different,0,1116832,,,,applied_at;column_name;new_value;old_value;proposal_id;record_no;source_file;table_name;zone,,
audit.dq_findings,different,12648305,12651322,,,,column_name;entity_id;finding_level;issue_code;partition_date;record_no;rule_id;source_file;table_name,,
audit.dq_integrity_findings,different,11521497,11524514,,,,entity_id;rule_id;table_name,,
audit.dq_partition_header,identical,7671,7671,,,,,,
audit.dq_partition_holds,different,5,4,,,,partition_date;reasons;severe_checks;table_name;zone,,
audit.dq_partition_profile,identical,167580,167580,,,,,,
audit.dq_partition_releases_active,different,0,1,,,,applied_at;approved_by;partition_date;proposal_id;table_name,,
audit.dq_rule_summary,different,156,156,,,,rate_pct;slo_breached;table_rows;violations,,
audit.dq_schema_drift,identical,53,53,,,,,,
features.feat_credit_eligibility_pit,identical,1800000,1800000,,,,,,
features.feat_fraud_realtime_pit,different,4275936,4275936,,,,last_login_channel;last_login_ip_country;minutes_since_last_login,,
features.feat_fraud_stream_parity,different,131347,131347,,,,last_login_channel;last_login_ip_country;minutes_since_last_login,,
features.ml_fraud_test,different,555155,555155,,,,last_login_channel;minutes_since_last_login,,
features.ml_fraud_train,different,2947296,2947296,,,,last_login_channel;minutes_since_last_login,,
features.ml_fraud_valid,different,715677,715677,,,,last_login_channel;last_login_ip_country;minutes_since_last_login,,
features.ml_kumo_relational_complaint90d,identical,1103598,1103598,,,,,,
features.ml_kumo_tabular_fraud,different,46883,46883,,,,minutes_since_last_login,,
gold.dim_agent,identical,1200,1200,,,,,,
gold.dim_branch,identical,350,350,,,,,,
gold.dim_campaign,identical,200,200,,,,,,
gold.dim_country,identical,6,6,,,,,,
gold.dim_customer,identical,150000,150000,,,,,,
gold.dim_date,identical,2557,2557,,,,,,
gold.dim_merchant,identical,24,24,,,,,,
gold.dim_product,identical,400000,400000,,,,,,
gold.fct_campaign_send,identical,1697343,1697343,,,,,,
gold.fct_complaint,identical,65191,65191,,,,,,
gold.fct_digital_session,different,1785291,1786403,,,,channel;customer_id;date_key;ip_country_code;ip_token;n_errors;n_events;n_logins;n_purchases;platform;session_end_utc;session_id;session_start_utc,,
gold.fct_interaction,identical,666619,666619,,,,,,
gold.fct_transaction,different,4275936,4275936,,,,transaction_city,,
gold.mart_account_payment_inquiry,identical,400000,400000,,,,,,
gold.mart_aml_customer_month,identical,2619898,2619898,,,,,,
gold.mart_campaign_compliance_uplift,identical,1697343,1697343,,,,,,
gold.mart_card_support,identical,140040,140040,,,,,,
gold.mart_collections_early_warning,identical,131972,131972,,,,,,
gold.mart_credit_eligibility,identical,150000,150000,,,,,,
gold.mart_customer_360,different,150000,150000,,,,last_login_ts;main_digital_channel,,
gold.mart_cx_journey,identical,666619,666619,,,,,,
gold.mart_product_recent_transactions,identical,4262903,4262903,,,,,,
gold.mart_transaction_disputes,identical,26351,26351,,,,,,
graph.fgl_silo_edges,identical,689079,689079,,,,,,
graph.fgl_silo_nodes,identical,150072,150072,,,,,,
graph.graph_edges,different,4634491,4634505,,,,dst_id;dst_type;label;rel;src_id;src_type;ts;weight,,
graph.graph_nodes,different,617198,617198,,,,features,,
graph.tgn_node_features,identical,150024,150024,,,,,,
graph.tgn_tx_events,identical,994996,994996,,,,,,
knowledge.kb_entity_docs,different,216591,216591,,,,text,,
knowledge.kb_entity_triples,different,4469471,4469485,,,,last_seen_ts;n_events;object;predicate;provenance;subject,,
privacy.privacy_input_complaints_country_month,identical,65121,65121,,,,,,
privacy.privacy_input_tx_segment_month,identical,2619898,2619898,,,,,,
reference.country_codes,identical,7,7,,,,,,
reference.dq_cell_rule_slo,identical,13,13,,,,,,
reference.dq_rule_slo,identical,26,26,,,,,,
reference.protected_attributes,identical,5,5,,,,,,
reference.response_codes,identical,6,6,,,,,,
reference.restricted_pii_columns,identical,16,16,,,,,,
reference.source_contract_columns,identical,260,260,,,,,,
serving.serving_account_inquiry,identical,400000,400000,,,,,,
serving.serving_card_support,identical,140040,140040,,,,,,
serving.serving_credit_eligibility,identical,150000,150000,,,,,,
serving.serving_customer_360,identical,150000,150000,,,,,,
serving.serving_dispute_case,identical,26351,26351,,,,,,
serving.serving_online_fraud_state,identical,134515,134515,,,,,,
serving.serving_recent_transactions,identical,4262903,4262903,,,,,,
silver.int_customer_fairness_attributes,identical,150000,150000,,,,,,
silver.int_customer_month_tx,identical,5400000,5400000,,,,,,
silver.int_customer_profile,identical,150000,150000,,,,,,
silver.int_fx_usd,identical,4388,4388,,,,,,
silver.int_products_enriched,identical,400000,400000,,,,,,
silver.int_transactions_enriched,different,4275936,4275936,,,,transaction_city,,
silver.int_transactions_enriched_with_holdout,different,4406626,4406626,,,,transaction_city,,
silver.stg_branches,identical,350,350,,,,,,
silver.stg_call_center_interactions,identical,666619,666619,,,,,,
silver.stg_call_transcripts,identical,166411,166411,,,,,,
silver.stg_campaign_sends,identical,1697343,1697343,,,,,,
silver.stg_complaints,identical,65191,65191,,,,,,
silver.stg_customers,identical,150000,150000,,,,,,
silver.stg_daily_exchange_rates,identical,13164,13164,,,,,,
silver.stg_digital_events,different,15178155,15187552,,,,action;app_version;browser;channel;customer_id;duration_seconds;event_category;event_id;event_ts_utc;event_type;event_value;ip_address;ip_city;ip_country_code;is_mobile;page_url;platform;process_date;product_id;session_id;utm_campaign;utm_medium;utm_source,,
silver.stg_digital_events_holdout,identical,433442,433442,,,,,,
silver.stg_marketing_campaigns,identical,200,200,,,,,,
silver.stg_products,identical,400000,400000,,,,,,
silver.stg_satisfaction_surveys,identical,206660,206660,,,,,,
silver.stg_service_agents,identical,1200,1200,,,,,,
silver.stg_transactions,different,4275936,4275936,,,,transaction_city,,
silver.stg_transactions_holdout,identical,130690,130690,,,,,,
silver.typed_branches,identical,350,350,,,,,,
silver.typed_call_center_interactions,identical,666619,666619,,,,,,
silver.typed_call_transcripts,identical,166411,166411,,,,,,
silver.typed_campaign_sends,different,1697343,1697343,,,,_corrected_columns;subject,,
silver.typed_complaints,identical,65191,65191,,,,,,
silver.typed_customers,identical,150000,150000,,,,,,
silver.typed_daily_exchange_rates,identical,13164,13164,,,,,,
silver.typed_digital_events,different,15187552,15187552,,,,_corrected_columns;ip_country,,
silver.typed_digital_events_holdout,different,433442,433442,,,,_corrected_columns;ip_country,,
silver.typed_marketing_campaigns,identical,200,200,,,,,,
silver.typed_products,identical,400000,400000,,,,,,
silver.typed_satisfaction_surveys,identical,206660,206660,,,,,,
silver.typed_service_agents,identical,1200,1200,,,,,,
silver.typed_transactions,different,4294318,4294318,,,,_corrected_columns;transaction_city;transaction_country,,
silver.typed_transactions_holdout,different,130690,130690,,,,_corrected_columns;transaction_country,,
snapshots.snap_branches,identical,350,350,,,,,,
snapshots.snap_customers,identical,150000,150000,,,,,,
snapshots.snap_products,identical,400000,400000,,,,,,
snapshots.snap_service_agents,identical,1200,1200,,,,,,
