relation,status,rows_a,rows_b,columns_only_a,columns_only_b,type_differences,differing_columns,detail
audit.audit_backup_reconciliation,identical,5,5,,,,,
audit.audit_partition_manifest,identical,6382,6382,,,,,
audit.audit_scd2_change_log,identical,0,0,,,,,
audit.dq_integrity_findings,identical,11546367,11546367,,,,,
audit.dq_rule_summary,identical,26,26,,,,,
features.feat_credit_eligibility_pit,different,1800000,1800000,,,,avg_inflow_usd_3m_pit;avg_outflow_usd_3m_pit;avg_payments_usd_3m_pit;inflow_cv_6m_pit,
features.feat_fraud_realtime_pit,different,4294318,4294318,,,,amount_zscore_vs_history,
features.feat_fraud_stream_parity,identical,131347,131347,,,,,
features.ml_fraud_test,identical,555155,555155,,,,,
features.ml_fraud_train,different,2965678,2965678,,,,amount_zscore_vs_history,
features.ml_fraud_valid,identical,715677,715677,,,,,
features.ml_kumo_relational_complaint90d,identical,1103598,1103598,,,,,
features.ml_kumo_tabular_fraud,identical,47082,47082,,,,,
gold.dim_agent,identical,1200,1200,,,,,
gold.dim_branch,identical,350,350,,,,,
gold.dim_campaign,identical,200,200,,,,,
gold.dim_country,identical,6,6,,,,,
gold.dim_customer,different,150000,150000,,,,customer_sk,
gold.dim_date,identical,2557,2557,,,,,
gold.dim_merchant,identical,24,24,,,,,
gold.dim_product,different,400000,400000,,,,product_sk,
gold.fct_campaign_send,identical,1697343,1697343,,,,,
gold.fct_complaint,identical,65191,65191,,,,,
gold.fct_digital_session,identical,1786403,1786403,,,,,
gold.fct_interaction,identical,666619,666619,,,,,
gold.fct_transaction,different,4294318,4294318,,,,customer_sk;product_sk,
gold.mart_account_payment_inquiry,different,400000,400000,,,,pending_amount;declines_by_code_90d,
gold.mart_aml_customer_month,different,2626563,2626563,,,,inflow_usd;outflow_usd;cash_in_usd;cash_out_usd;cross_border_usd;pass_through_ratio;cross_border_share;cash_share;inflow_to_declared_income;outflow_robust_z_vs_peers,
gold.mart_campaign_compliance_uplift,identical,1697343,1697343,,,,,
gold.mart_card_support,different,140040,140040,,,,foreign_countries_90d,
gold.mart_collections_early_warning,different,131972,131972,,,,payments_usd_30d;payments_usd_prev_monthly_avg;payment_trend_ratio;avg_inflow_usd_3m,
gold.mart_credit_eligibility,different,150000,150000,,,,avg_inflow_usd_3m_pit;payment_to_inflow_ratio,
gold.mart_customer_360,different,150000,150000,,,,deposits_usd;debt_usd;card_limit_usd;inflow_usd_90d;outflow_usd_90d;main_tx_channel,
gold.mart_cx_journey,identical,666619,666619,,,,,
gold.mart_product_recent_transactions,identical,4280701,4280701,,,,,
gold.mart_transaction_disputes,identical,26351,26351,,,,,
graph.fgl_silo_edges,identical,691538,691538,,,,,
graph.fgl_silo_nodes,identical,150072,150072,,,,,
graph.graph_edges,identical,4639411,4639411,,,,,
graph.graph_nodes,identical,617198,617198,,,,,
graph.tgn_node_features,identical,150024,150024,,,,,
graph.tgn_tx_events,identical,999347,999347,,,,,
knowledge.kb_entity_docs,identical,216591,216591,,,,,
knowledge.kb_entity_triples,identical,4473045,4473045,,,,,
privacy.privacy_input_complaints_country_month,identical,65121,65121,,,,,
privacy.privacy_input_tx_segment_month,different,2626563,2626563,,,,clamped_spend_usd,
reference.country_codes,identical,7,7,,,,,
reference.dq_rule_slo,identical,26,26,,,,,
reference.protected_attributes,identical,5,5,,,,,
reference.response_codes,identical,6,6,,,,,
reference.restricted_pii_columns,identical,16,16,,,,,
serving.serving_account_inquiry,different,400000,400000,,,,pending_amount;declines_by_code_90d_json,
serving.serving_card_support,different,140040,140040,,,,foreign_countries_90d,
serving.serving_credit_eligibility,identical,150000,150000,,,,,
serving.serving_customer_360,different,150000,150000,,,,deposits_usd;debt_usd;inflow_usd_90d;outflow_usd_90d,
serving.serving_dispute_case,identical,26351,26351,,,,,
serving.serving_online_fraud_state,different,134515,134515,,,,hist_mean_log_amount;hist_std_log_amount;hist_sum_log_amount;hist_sumsq_log_amount;seen_merchants_json;seen_countries_json;seen_channels_json,
serving.serving_recent_transactions,identical,4280701,4280701,,,,,
silver.int_customer_fairness_attributes,identical,150000,150000,,,,,
silver.int_customer_month_tx,different,5400000,5400000,,,,inflow_usd;outflow_usd;payments_usd;cash_in_usd;cash_out_usd;cross_border_usd,
silver.int_customer_profile,identical,150000,150000,,,,,
silver.int_fx_usd,identical,4388,4388,,,,,
silver.int_products_enriched,identical,400000,400000,,,,,
silver.int_transactions_enriched,identical,4294318,4294318,,,,,
silver.int_transactions_enriched_with_holdout,identical,4425008,4425008,,,,,
silver.stg_branches,identical,350,350,,,,,
silver.stg_call_center_interactions,identical,666619,666619,,,,,
silver.stg_call_transcripts,identical,166411,166411,,,,,
silver.stg_campaign_sends,identical,1697343,1697343,,,,,
silver.stg_complaints,identical,65191,65191,,,,,
silver.stg_customers,identical,150000,150000,,,,,
silver.stg_daily_exchange_rates,identical,13164,13164,,,,,
silver.stg_digital_events,identical,15187552,15187552,,,,,
silver.stg_digital_events_holdout,identical,433442,433442,,,,,
silver.stg_marketing_campaigns,identical,200,200,,,,,
silver.stg_products,identical,400000,400000,,,,,
silver.stg_satisfaction_surveys,identical,206660,206660,,,,,
silver.stg_service_agents,identical,1200,1200,,,,,
silver.stg_transactions,identical,4294318,4294318,,,,,
silver.stg_transactions_holdout,identical,130690,130690,,,,,
snapshots.snap_branches,identical,350,350,,,,,
snapshots.snap_customers,identical,150000,150000,,,,,
snapshots.snap_products,identical,400000,400000,,,,,
snapshots.snap_service_agents,identical,1200,1200,,,,,
